brand,name,collection,color,type,Notes,
Afterthoughts - Attitudes,Generation Next,,Grey w/ green flash,Metallic,,
Afterthoughts - Attitudes,Glitzy Gaugin,,Green,Foil,,
Artmatic,Butterscotch,,Gold,Glitter,,
Artmatic,Emerald City,,Forest green,Shimmer,,
Artmatic,Freesia,,Lilac w/ pink flash ,Shimmer,,
Artmatic,Mink Lustre,,Antique gold,Shimmer,,
Artmatic,Mylar,,Multi,Glitter,,
Artmatic,Renegade,,Navy blue,Shimmer,,
Artmatic,Zambuca Rush,,Cinnamon,Creme,,
Atrophie,Ectoplasm,,Green w/ gold glitter,Glitter,,
Atrophie,Sunken Treasure,,Cerulean w/ green glitter,Glitter,,
Avon,Olive Green,,Olive green,Creme,,
Barielle,Falling Star,,Blue w/ orange glitter,Glitter,,
Barry M,Croc Effects,,Black,Croc shatter,,
Barry M,Racing Green,,Forest green,Shimmer,,
Barry M,Raspberry,,Berry,Creme,,
Barry M,Vivid Purple,,Purple,Shimmer,,
Bath and Body Works - Color Drops,Cool Green Watermelon,,Green w/ pink flash,Shimmer,,
Bath and Body Works - Color Drops,Cool Pink Watermelon,,Pink,Shimmer,,
Bath and Body Works - Color Drops,Electric Blue,,Blue,Shimmer,,
Bath and Body Works - Color Drops,Light Purple,,Lavender w/ blue flash,Shimmer,,
Bath and Body Works - Color Drops,Water,,Lime green ,Frost,Scented,
BB Couture,Caterpillar,,Green,Shimmer,,
BB Couture,Grenade,,Green ,Shimmer,,
BB Couture,Hermosa Surfer Girl,,Pink,Jelly glitter,,
BB Couture,Man Bug,,Turquoise,Jelly glitter,,
BB Couture,Saturday Night Fever,,Dark green,Jelly glitter,,
BB Couture,Sea of Cortez,,Blue,Jelly glitter,,
BB Couture,Stick Shift,,Mustard yellow w/ pink flash,Shimmer,,
Black Cat Lacquer,America F*ck Yeah!,,Multi,Glitter,,
Borghese,Almondine,,Nude,Brocade shimmer,,
Bourjois,Bleu Fabuleux,,Blue,Creme,,
Bourjois,Bleu Water,,Sky blue ,Creme,,
Bourjois,Figue Chic,,Lavender,Creme,,
Bourjois,Jaune Trendy,,Yellow,Creme,,
Bourjois,Orange Creation,,Orange,Creme,,
Bourjois,Python Top Coat,,Red,Crackle,,
,,,,,,
Brucci,Black Emerald,,Blackened green,Shimmer,,
Butter London,All Hail the Queen,,Taupe,Holo,,
Butter London,Bluey,,Blue green,Shimmer,,
Butter London,Henley Regatta,,Blue and green,Glitter,,
Butter London,HRH,,Purple,Metallic,,
Butter London,Marrow,,Purple,Hidden Shimmer,,
Butter London,Muggins,,Lilac,Creme,,
Butter London,The Black Knight,,Black w/ pink and blue glitter,Glitter,,
Butter London,Victoriana,,Dusty light blue,Brocade shimmer,,
Butter London,Wallis,,Olive,Shimmer,,
By Terry,Eccentric Vermillion,,Poppy,Crene,,
BYS,Adventures of Alice,,Green,Glitter,,
BYS,Fern,,Green ,Shimmer,,
BYS,Thunderstorm,,Dark green w/ glitter,Glitter,,
Candeo,Orchid,,Red and silver glitter,Glitter,,
Candy Lacquer,Starlight,,Silver holo,Glitter,,
Catrice,Dirty Berry,,Periwinkle,Shimmer,,
Catrice,Hip Queens Wear Blue Jeans,,Dusty blue,Hidden Shimmer,,
Catrice,King of Greens,,Green,Shimmer,,
Catrice,Moonlight Express,,Teal,Foil,,
Catrice,Out of Space,,Black and blue,Glass fleck,,
Catrice,Return of Space Cowboys,,Teal,Glass fleck,,
Chanel,Ciel de Nuit,,Dark blue w/ silver glitter,Glitter,Decant,
Chanel,Clair-Obscur,,Lavender w/ gold flash,Shimmer,,
Chanel,Frisson,,Pink,Shimmer,,
Chanel,Holiday,,Orange,Creme,,
Chanel,Holographic,,Silver,Holo,Decant,
Chanel,Rouge Noir,,Vampy Red,Creme,,
Chanel ,Blue Boy,,Medium blue,Creme,,
Chanel ,Blue Satin,,Deep blue,Shimmer,,
Chanel ,Cobra,,Eggplant/green,Duochrome,,
Chanel ,Graphite,,Silver,Foil,,
Chanel ,Peridot,,Green/gold,Duochrome,,
Chelsea,Polynesia Isle,,Bronze,Shimmer,,
Chelsea,Salsa,,Purple w/ green flash,Shimmer,,
Chelsea,Tropic of Cancer,,Blue/purple/bronze,Multichrome,,
Chi Chi,Moondust,,Blue w/ silver ,Glitter,,
China Glaze,Ahoy!,Anchors Away,Magenta,Glass fleck,,
China Glaze,Below Deck,Anchors Away,Mauve,Creme,,
China Glaze,First Mate,Anchors Away,Navy blue,Creme,,
China Glaze,Pelican Gray,Anchors Away,Grey,Creme,,
China Glaze,Ick-a-bod-y,Awakening,Green w/ orange glitter,Glitter,,
China Glaze,Mummy May I,Awakening,Purple,Glitter,,
China Glaze,Zombie Zest,Awakening,Murky green,Glass fleck,,
China Glaze,Bahamian Escape,Bahama Blues,Baby blue,Creme,,
China Glaze,Unpredictable,Bohemian,Green/blue,Duochrome,,
China Glaze,Broken Hearted,Crackle Glaze,Pink,Crackle,,
China Glaze,Cracked Concrete,Crackle Glaze,Grey,Crackle,,
China Glaze,Crushed Candy,Crackle Glaze,Tiffany blue,Crackle,,
China Glaze,Fault Line,Crackle Glaze,Purple,Crackle,,
China Glaze,Lightning Bolt,Crackle Glaze,White,Crackle,,
China Glaze,Custom Kicks,Custom Kicks,Teal,Hidden Shimmer,,
China Glaze,Solar Power,Ecollection,Yellow,Shimmer,,
China Glaze,Marry a Millionaire,Eye Candy,Puple,Bar glitter,,
China Glaze,Some Like it Haute,Eye Candy,Charcoal,Holo Glitter,,
China Glaze,It's Alive,Haunting,Murky green,Glitter,,
China Glaze,Agro,Hunger Games,Olive,Shimmer,,
China Glaze,Fast Track,Hunger Games,Taupe w/ gold,Shimmer,,
China Glaze,Harvest Moon,Hunger Games,Copper,Metallic,,
China Glaze,Stone Cold,Hunger Games,Charcoal,Matte (sueded),,
China Glaze,Cha Cha Cha,Island Escape,Green,Shimmer,,
China Glaze,Electric Pineapple,Island Escape,Yellow-green,Creme,,
China Glaze,Papaya Punch,Island Escape,Orange,Creme,,
China Glaze,He's Going in Circles,Kaleidoscope,Green,Holo,,
China Glaze,How About a Tumble,Kaleidoscope,Pink,Holo,,
China Glaze,It's My Turn,Kaleidoscope,Gold,Holo,,
China Glaze,Let's Do it in 3D,Kaleidoscope,Gunmetal,Holo,,
China Glaze,Octa Gone Wild,Kaleidoscope,Purple,Holo,,
China Glaze,Sexagon,Kaleidoscope,Silver,Holo,,
China Glaze,Visit Me in Prism,Kaleidoscope,Lilac,Holo,,
China Glaze,2030,Khrome,Gold ,Chrome,,
China Glaze,Blue Year's Eve,Let it Snow,Blue ,Glass fleck,,
China Glaze,Snow Globe,Let it Snow,White holo glitter,Glitter,,
China Glaze,Brownstone,Metro,Red-brown ,Creme,,
China Glaze,CG in the City,Metro,Purple,Glitter,,
China Glaze,Midtown Magic,Metro,Brown,Glass fleck,,
China Glaze,Skyscraper,Metro,Blue,Glitter,,
China Glaze,Trendsetter,Metro,Green-yellow,Brocade shimmer,,
China Glaze,Wetside Warrior,Metro,Olive green,Creme,,
China Glaze,Limonyte,Nervy Neons,Neon green,Shimmer,,
China Glaze,Crocodile Lounge,Old style bottle,Seafoam green,Shimmer,,
China Glaze,Dusk,Old style bottle,Mauve w/ pink shimmer,Shimmer,,
China Glaze,Go Crazy Red,Old style bottle,Red,Shimmer,,
China Glaze,Mink Frost,Old style bottle,Mauve,Shimmer,,
China Glaze,Moonpool,Old style bottle,Green,Shimmer,,
China Glaze,Orchid Shadow,Old style bottle,Taupe,Shimmer,,
China Glaze,Out on Safari,Old style bottle,Brown w/ green shimmer,Shimmer,,
China Glaze,Sundiver,Old style bottle,Yellow w/ silver glitter,Creme,,
China Glaze,2NITE,OMG,Periwinkle,Holo,,
China Glaze,DV8,OMG,Teal,Holo,,
China Glaze,FYI,OMG,Taupe,Holo,,
China Glaze,IDK,OMG,Light purple,Holo,,
China Glaze,L8R G8R,OMG,Green,Holo,,
China Glaze,I'm Not Lion,On Safari,Gold,Holo glitter,,
China Glaze,Flip Flop Fantasy,Poolside,Neon pink,Neon,,
China Glaze,Kiwi Cool-ada,Poolside,Neon green,Neon,,
China Glaze,Sun Worshipper,Poolside,Neon orange-yellow,Neon,,
China Glaze,Stroll,Retro Diva,Red w/ gold ,Glass fleck,,
China Glaze,Branding Iron,Rodeo Diva,Red,Shimmer,,
China Glaze,Cowgirl Up,Rodeo Diva,Red-purple,Shimmer,,
China Glaze,Side Saddle,Rodeo Diva,Brown ,Shimmer,,
China Glaze,Wagon Trail,Rodeo Diva,Deep olive green,Shimmer,,
China Glaze,Cherish,Romantique,Green,Metallic,,
China Glaze,Frostbite,Ski,Royal blue ,Shimmer,,
China Glaze,Emerald Sparkle,Sleigh Ride,Green,Glitter,,
China Glaze,For Audrey,Something Blue,Tiffany blue,Creme,,
China Glaze,Dreamsicle,Specialty Colors,Orange,Glitter,,
China Glaze,Meteor Shower,Specialty Colors,Blue,Glitter,,
China Glaze,Fortune Teller,Spellbound,Black w/ orange glitter,Glitter,,
China Glaze,Spellbound,Spellbound,Orange and silver,Glitter,,
China Glaze,Strawberry Fields,Summer Days,Pink,Glass fleck,,
China Glaze,Party Hearty,Tis the Season,Green and red,Glitter,,
China Glaze,Peace on Earth,Tis the Season,Olive green,Frost,,
China Glaze,Mistletoe Me!,Ulta Holiday Exclusives 2011,Hot pink,Foil,,
China Glaze,Four Leaf Clover,Up & Away,Green,Creme,,
China Glaze,Grape Pop,Up & Away,Medium purple,Creme,,
China Glaze,Sugar High,Up & Away,Hot pink,Creme,,
China Glaze,Classic Camel,Vintage Vixen,Camel,Shimmer,,
China Glaze,Ingrid,Vintage Vixen,Brown ,Shimmer,,
China Glaze,Immortal,Wicked,Grey,Shimmer,,
China Glaze,Dorothy Who?,Wizard of Ooh Ahz Returns,Blue,Glitter,,
China Glaze,Ruby Pumps,Wizard of Ooh Ahz Returns,Red,Glitter,,
China Glaze,Electrify,,Red and gold,Glitter,,
China Glaze,Sex on the Beach,,Pink,Glass fleck,Mini,
Christian Dior,Waterlily,,Seafoam green,Shimmer,Scented (rose),
Clairins,230,,Color shift,Shimmer,,
CM,Midnight Imposter,,Blue w/ silver glitter,Glitter,,
CND - Creative,Blue Blood,Old style bottle,Deep blue,Shimmer,,
CND - Creative,Cashmere,Old style bottle,Copper/pink,Shimmer,,
CND - Creative,Family Secret,Old style bottle,Brown,Shimmer,,
CND - Creative,Heiress,Old style bottle,Purple,Shimmer,missing label,
CND - Creative,NFS,Old style bottle,Dark teal,Shimmer,,
CND - Creative ,Okey Dokey Artichokey,Old style bottle,Green ,Duochrome,,
CND - Effects,Gold Sparkling,,Gold ,Holo glitter,,
CND - Effects,Silver Sparkling,,Silver,Glitter,,
Color Club,Editorial,,Gold/green,Duochrome,,
Color Club,Gingerbread,,Gold,Holo glitter,,
Color Club,Gingerbread Man,,Gold,Foil,gingerbread scented,
Color Club,Jingle Jangle,,Blue,Holo glitter,,
Color Club,Kiss Me Mistletoe,,Green,Foil,mistletoe scented,
Color Club,Santa's Cinnamon,,Red,Glitter,cinnamon scented,
Color Club,Sugarplum Fairy,,Lilac,Holo glitter,,
Color Club - Vintage,Black Widow Green,,Forest green,Shimmer,,
Confetti,Tiara,,Clear w/ silver glitter,Shimmer,have 4,
Cover Girl - Ice Slicks,Anti - Freeze,,Green/blue glitter,Glitter,,
Cover Girl - Matallic,Silver Violet,,Pale lavender,Matte (sueded),,
Cover Girl - Mattalic,Triple Platinum,,Silver,Matte (sueded),,
Cover Girl - Nail Slicks,Chocolate Mint,,Brown w/ green shimmer,Shimmer,,
Cover Girl - Nail Slicks,Deep Blue Sea,,Dark blue,Foil,,
Cover Girl - Nail Slicks,Midnight Forest,,Green,Shimmer,,
Cover Girl - Nail Slicks,Midnight Rose,,Maroon,Shimmer,,
Cover Girl - Nail Slicks,Mystic Peacock,,Teal,Shimmer,,
Cover Girl - Nail Slicks,Sheer Orchid,,Purple,Jelly,,
Cover Girl - Nailslicks,Bronze Ice,,Bronze ,Shimmer,,
Cover Girl - Shimmer Slicks,Arctic Violet,,Purple w/ silver glitter,Glitter,,
Cult Nails,Deal With It,,Green,Shimmer,,
Cutex - Vintage,Camouflage,,Green,Shimmer,,
Cutex - Vintage,Cornucopia,,Orange ,Creme,,
Cutex - Vintage,Sweet Pea,,Green,Creme,,
Dare 2 Wear - Mood Polish,Night Stars 2 White Cloud,,Green w/ multi,Glitter,,
Del Sol,Trick or Treat,,Orange to purple,Glitter,,
Dior,Tuxedo,,Blue,Shimmer,,
Dollish Polish,Expecto Patronum,,White w/ aqua,Glitter,,
Dollish Polish,Something's Up With Jack,,"Purple, black, white",Glitter,,
Dollish Polish,Spectral Pup,,White and red,Glitter,Glow in the dark,
Dollish Polish,This is Halloween,,"Green, orange, black",Glitter,,
Dollish Polish,Vampire's Coven,,Black and red,Glitter,,
Dollish Polish,We're Simply Meant to Be,,Multi,Glitter,,
Dollish Polish,What's This? What's This?,,Multi,Glitter,,
Dollish Polish,Wicked Wario,,Purple,Glitter,,
Douglas,Spice It Up,,Copper,Metallic,,
Douglas ,Lucia,,Deep purple,Shimmer,,
Essence - Breaking Dawn,A Piece of Forever,,Gold,Shimmer,,
Essence - Breaking Dawn,Alice Had A Vision - Again,,Purple,Glass fleck,,
Essence - Breaking Dawn,Edward's Love,,Black w/ silver,Shimmer,,
Essence - Breaking Dawn,Jacob's Protection,,Blue,Glass fleck,,
Essence - Circus Circus,"Applause, Applause",,Red/red,Glitter,Dual ended,
Essence - Circus Circus,Don't Feed the Tiger,,Black/gold,Glitter,Dual ended,
Essence - Circus Circus,My Sparkling Acrobat,,Gold/black,Glitter,Dual ended,
Essence - Class of 2013,Alpha Better Gamma,,Pink,Shimmer,,
Essence - Class of 2013,Blues of Being Cool,,Periwinkle,Creme,,
Essence - Class of 2013,College Hero,,Silver,Glitter,,
Essence - Class of 2013,Ready For Rush Week?,,Red,Creme,,
Essence - Class of 2013,School's Out Forever,,Grey,Shimmer,,
Essence - Colour & Go,Chic Reloaded,,Green/purple,Duochrome,,
Essence - Colour & Go,Grey-t To Be Here,,Grey,Shimmer,,
Essence - Colour & Go,Walk on the Wild Side,,Green,Shimmer,,
Essence - Colour 3,A Walk In the Park/Stop for an Ice Cream,,Green,Shimmer,Dual ended,
Essence - Colour 3,Midnight Date/City That Never Sleeps,,Blue,Shimmer,Dual ended,
Essence - Colour 3,Ticket to the Show/Front Row or Backstage?,,Black/brown,Shimmer,Dual ended,
Essence - Colour and Go,Choose Me!,,Green/blue,Glass fleck,,
Essence - Colour and Go,Irreplaceable,,Nude,Glass fleck,,
Essence - Colour and Go,Time for Romance,,Red w/ holo glitter,Glitter,,
Essence - Colour and Go,Where is the Party?,,Purple,Duochrome,,
Essence - Crazy Good Times,Candyction,,Orange,Flakie,,
Essence - Crazy Good Times,Colorbration,,Green w/ gold shimmer,Shimmer,,
Essence - Crazy Good Times,Confetteria,,Blue,Glitter,,
Essence - Crazy Good Times,Glitterastic,,Silver,Glitter,,
Essence - Crazy Good Times,Princessorize,,Pink,Glass fleck,,
Essence - Crystalliced,Frosted Champain,,White w/ gold shimmer,Shimmer,,
Essence - Crystalliced,Ice Eyes Baby,,Blue w/ pink shimmer,Shimmer,,
Essence - Crystalliced,Iced Age Reloaded,,Taupe w/ silver shimmer,Shimmer,,
Essence - Crystalliced,It's a Snow-woman's World,,Lilac w/ purple shimmer,Shimmer,,
Essence - Crytalliced,Ice Crystals on my Window,,Pink w/ silver flakes,Glitter,,
Essence - Legends of the Sky,Like Leo's Pilot Jacket,,Greyish-olive,Creme,,
Essence - Legends of the Sky,No Better Way to Sky,,Orange,Creme,,
Essence - Legends of the Sky,Take my Red Away,,Red,Creme,,
Essence - Nail Art Twins,Blair,,Silver,Glitter,,
Essence - Nail Art Twins,Chuck,,Royal blue,Creme,,
Essence - Nail Art Twins,Edward,,Green,Glitter,,
Essence - Nail Art Twins,Julia,,Silver ,Holo glitter,,
Essence - Nail Art Twins,Romeo,,Silver,Metallic,,
Essence - Nude Glam,Cafe Ole,,Nude,Shimmer,,
Essence - Nude Glam,Cookies & Cream,,Nude,Shimmer,,
Essence - Nude Glam,Cotton Candy,,Pink,Creme,,
Essence - Nude Glam,Hazlenut Cream Pie,,Nude w/ pink flash,Shimmer,,
Essence - Nude Glam,Iced Latte,,Nude,Creme,,
Essence - Nude Glam,Iced Strawberry Cream,,Pink,Shimmer,,
Essence - Re-mix Your Style,Feels So Good,,Rose,Shimmer,,
Essence - Vampire's Love,Hunt Me if You Can,,Black w/ silver glitter,Glitter,,
Essence - Vampire's Love,Into the Dark,,Blue w/ silver shimmer,Sueded shimmer,,
Essence - Vampire's Love,The Dawn is Broken,,Grey w/ black glitter,Glitter,,
Essie,Bordeaux,,Red,Jelly,,
Essie,Bright Tights,,Neon orange,Neon,,
Essie,Can't Filmfest,,Magenta,Shimmer,,
Essie,Demure Vixen,,Purple/nude,Shimmer,,
Essie,Golden Nuggets,,Gold,Glitter,,
Essie,Lollipop,,Red,Jelly,,
Essie,Madamoiselle,,Pink,Sheer,,
Essie,Marshmallow,,White,Jelly,,
Essie,Master Plan,,Taupe,Creme,,
Essie,Mint Candy Apple,,Mint green,Creme,,
Essie,Pink Parka,,Neon pink,Creme,,
Essie,Ruby Slippers,,Red,Glitter,,
Essie,Sew Psyched,,Greyed-out green ,Shimmer,,
Essie,Smooth Sailing,,Periwinkle,Brocade shimmer,,
Essie,Starry Starry Nights,,Blue w/ silver glitter,Glitter,,
Essie,Stroke of Brilliance,,Periwinkle,Glitter,,
Essie ,Haute as Hello,,Peach,Creme,,
Etude House,BL019,,Blue,Glitter,,
Etude House,WH001,,Silver/gold,Foil,,
Etude House,WH012,,Black w/ multi glitter,Holo glitter,,
Etude House,WH20,,Silver and purple,Glitter,,
Fetish,Galaxy,,Blue/gold,Shimmer,,
Fetish,Heavenly,,Aqua,Shimmer,,
Fetish,Sci-Fi,,Green,Shimmer,,
Fetish,Scorpio,,Grey,Shimmer,,
Finger Paints,Motley,Special Effects,Green/blue ,Flakie,,
Finger Paints,Black Expressionism,,Black ,Creme,,
Finger Paints,Gourd or Bad?,,Multi,Bar glitter,decant,
Franken,Christmas Tree,,Green w/ holo glitter,Glitter,Made by Okami008,
Franken,Color Shifting Top Coat,,Red-green shift,Shimmer,,
Franken,Green-to-gold,,Green-to-gold,Color shift glitter,,
Franken,My Commercial Jet,,Black,Holo,,
Funky Fingers,Belle,,Yellow,Glass fleck,,
Funky Fingers,Cayman Island,,Yellow w/ teal flash,Shimmer,tropical fruit scented,
Funky Fingers,Cheshire,,Purple,Creme,,
Funky Fingers,Favorite Girl,,Pink,Foil,,
Funky Fingers,"Mirror, Mirror",,Blue,Glass fleck,,
Funky Fingers,Pixy Dust,,Green,Glass Fleck,,
Funky Fingers,Power Chord,,Purple and gold,Glass fleck,,
Funky Fingers,Power Play,,Fuchsia,Neon,,
Funky Fingers,Riot,,Purple,Creme,,
Girly Bits,Boo Berry,,Blue w/ red,Glitter,,
Girly Bits,Canadian Eh?,,Red and white,Glitter,,
Girly Bits,Hippity Hop,,Silver,Glitter,,
Girly Bits,Into the Night,,Black,Holo glitter,,
Girly Bits,Monster Mash,,Green and black,Glitter,,
GOSH,Galaxy,,Bronze/multi,Glass fleck,,
Gosh,Gasoline,,Purple ,Glass fleck,,
Gosh,Golden Dragon,,Green and gold,Shimmer,,
GOSH,Holographic Hero,,Silver,Holo,,
GOSH,Ocean,,Teal,Metallic,,
Gosh,Purple Heart,,Green to purple,Duochrome,,
Hard Candy ,Zombie,,Blue and purple,Glitter,,
Hard Candy - New,Beetle,,Purple,Duochrome,,
Hard Candy - New,Fabuluxe,,Hot pink,Glitter,,
Hard Candy - New,Lava,,Orange,Glass fleck,,
Hard Candy - New,Sky,,Sky blue,Shimmer,,
Hard Candy - Vintage,AWOL,,Forest green,Shimmer,,
Hard Candy - Vintage,Blast,,Pink w/ purple flash,Shimmer,mini,
Hard Candy - Vintage,Bubble Gum,,Pastel pink, Creme,,
Hard Candy - Vintage,Chronic,,Medium green,Frost,,
Hard Candy - Vintage,Chump,,Lavender w/ pink flash,Shimmer,mini,
Hard Candy - Vintage,Cloud,,Blue w/ silver glitter,Glitter,,
Hard Candy - Vintage,Complex,,Brown,Shimmer,"large, flat bottle",
Hard Candy - Vintage,Cosmic,,Pink w/ silver glitter,Glitter,"large, flat bottle",
Hard Candy - Vintage,Dork,,Peach,Shimmer,,
Hard Candy - Vintage,Earth,,Blue,Creme,,
Hard Candy - Vintage,Ego,,Pink w/ pink glitter,Glitter,"large, flat bottle",
Hard Candy - Vintage,Erogenous,,Red velvet ,Shimmer,"large, flat bottle",
Hard Candy - Vintage,Fetish,,Charcoal purple,Shimmer,,
Hard Candy - Vintage,Fiend,,Maroon,Shimmer,mini,
Hard Candy - Vintage,Galaxy,,Silver and black glitter,Glitter,,
Hard Candy - Vintage,Gank,,Teal,Creme,,
Hard Candy - Vintage,Girlie,,Silver,Metallic,,
Hard Candy - Vintage,Glitch,,Pale green w/ gold shimmer,Shimmer,"large, flat bottle",
Hard Candy - Vintage,Gold Digger,,Gold,Metallic,,
Hard Candy - Vintage,Haze,,Purple,Frost,,
Hard Candy - Vintage,Heist,,Yellow-green,Creme,,
Hard Candy - Vintage,Hick,,Blue w/ silver glitter,Glitter,,
Hard Candy - Vintage,Hot Rod,,Mustard yellow,Creme,,
Hard Candy - Vintage,Hype,,Brown,Shimmer,,
Hard Candy - Vintage,Jailbait,,White w/ pink flash ,Shimmer,,
Hard Candy - Vintage,Liquid,,Baby blue w/ gold shimmer,Shimmer,"large, flat bottle",
Hard Candy - Vintage,Love,,White,Shimmer,mini,
Hard Candy - Vintage,Love Child,,Taupe,Metallic,,
Hard Candy - Vintage,Luscious,,Red,Shimmer,,
Hard Candy - Vintage,Manic,,Royal blue w/ purple flash,Metallic,,
Hard Candy - Vintage,Mermaid,,Teal,Metallic,,
Hard Candy - Vintage,Mint,,Mint,Creme,,
Hard Candy - Vintage,Mirage,,Peach w/ blue flash,Shimmer,"large, flat bottle",
Hard Candy - Vintage,Normal,,Brick Red,Creme,,
Hard Candy - Vintage,Pea Soup,,Green,Shimmer,,
Hard Candy - Vintage,Peep Show,,Pink,Shimmer,flat bottle,
Hard Candy - Vintage,Pixie,,Multi,Micro glitter,,
Hard Candy - Vintage,Platinum,,Silver,Glitter,mini,
Hard Candy - Vintage,Porno,,Red,Shimmer,,
Hard Candy - Vintage,Pulp,,Orange w/ pink,Duochrome,,
Hard Candy - Vintage,Scam,,Fuchsia w/ blue flash,Shimmer,,
Hard Candy - Vintage,Scorn,,Red,Creme,,
Hard Candy - Vintage,Sell Out,,Turquoise w/ gold ,Glitter,"Flat, square bottle",
Hard Candy - Vintage,Shag,,Pea soup,Creme,,
Hard Candy - Vintage,Sky,,Sky blue,Creme,,
Hard Candy - Vintage,Solar,,Yellow,Shimmer,"large, flat bottle",
Hard Candy - Vintage,Space Boy,,Silver,Holo glitter,,
Hard Candy - Vintage,Star,,Holo glitter,Glitter,,
Hard Candy - Vintage,Static,,Blue w/ pink flash,Shimmer,,
Hard Candy - Vintage,Sushi,,Turquoise,Creme,,
Hard Candy - Vintage,Tantrum,,Orange,Frost,,
Hard Candy - Vintage,Taxi Cab,,Yellow,Creme,,
Hard Candy - Vintage,Trailer Trash,,Silver,Foil,mini,
Hard Candy - Vintage,Tricky,,Olive w/ gold flash,Shimmer,,
Hard Candy - Vintage,Vinyl,,Mauve w/ green flash ,Shimmer,"large, flat bottle",
Hard Candy - Vintage,Weenie,,Burnt orange,Creme,,
Hard Candy - Vintage,XXXMas,,Purple w/ holo glitter,Glitter,decant,
Hard Candy - Vintage (Re-release),Frigid,,Baby blue,Shimmer,,
Hard Candy - Vintage (Re-release),Jailbait,,Pink,Shimmer,,
Hard Candy - Vintage (Re-release),Sky,,Sky blue,Hidden Shimmer,,
Hard Candy - Vintage (Re-release),Tantrum,,Green,Shimmer,,
Hard Candy - Vintage (Re-release),Trailer Trash,,Silver ,shimmer,,
Hare,A Positive,,Red with silver glitter,Glitter,,
Hare,Amethystos,,Purple w/ silver,Glitter,,
Hare,Bury the Hatchetfish,,Taupe w/ blue,Glitter,,
Hare,Cast in Bronze,,Purple w/ bronze,Glitter,,
Hare,Cosmo Blossoms,,Purple with green glitter,Glitter,,
Hare,Electric Flame,,Peach w/ blue,Glitter,,
Hare,Golden Years,,Blue w/ gold,Glitter,,
Hare,King of Carat Flowers,,Grey w/ purple,Glitter,,
Hare,Medusa Luminosa,,Purple w/ blue ,Glitter,,
Hare ,Afterglow,,Purple and orange in blue,Glitter,,
Hare ,Midsummer's Midnight,,Pink/blue/green in black,Glitter,,
Hare ,Rad Cloud,,Green/orange/purple in pink,Glitter,,
Hello Kitty (Sephora) ,Banana Creme,,Pastel yellow,Creme,,
Hello Kitty (Sephora) ,Purple Sprinkles,,Purple,Glitter,,
Hits,Atena,,Magenta,Holo,Brazillian brand,
Hits,Hera,,Turquoise,Holo,Brazillian brand,
Icing,All That Glitters is Green,,Green,Hidden Shimmer,,
Icing,Epic Winning,,Blue,Holo glitter,,
Icing,Evergreen,,Green,Glitter,,
Icing,Golden Age of Glitter,,Gold and black,Glitter,,
Icing,Jingle My Bells,,Gold/green/red glitter,Glitter,,
Icing,Lemme See Your Peacock,,Multi,Glitter,,
Icing,Pre-game,,Multi,Shards,,
Icing,Shredded,,Black,Shards,,
Icing,Tiger's Blood,,Red,Jelly glitter,,
Icing,Written in the Stars,,Holo and blue,Glitter,Best fucking polish ever,
Illamasqua,Load,,Butter yellow,Creme,,
Illamasqua,MILF,,Pastel green,Creme,,
Island Girl,Aloha Surf,,Multi,Glitter,,
Island Girl,Big Island Volcano,,Aqua,Shimmer,have 2,
Island Girl,Island Sunset,,Maroon,Holo glitter,,
Jane,Up All Night,,Blue with silver microglitter,Glitter,,
Jesse's Girl,Mermaid's Lagoon,,Aqua,Hidden Shimmer,,
Joe Fresh,Pineapple,,Yellow,Shimmer,,
Joe Fresh,Pumpkin,,Pumpkin,Creme,,
Joe Fresh,Twilight,,Deep green,Flakies,,
Just Shine,Super Sparkle Purple,,Purple,Glitter,,
Kleancolor,Chunky Holo Bluebell,,Blue,Holo glitter,,
Kleancolor,Holo Chrome,,Blurple,Holo glitter,,
Kleancolor,Metallic Aqua,,Aqua,Foil,,
Kleancolor,Metallic Fuchsia,,Fuchsia,Foil,,
Kleancolor,Metallic Green,,Green,Foil,,
Kleancolor,Metallic Orange,,Orange,Foil,,
Kleancolor,Metallic Pink,,Pink,Foil,,
Kleancolor,Metallic Purple,,Purple,Foil,,
Kleancolor,Metallic Red,,Red,Foil,,
Kleancolor,Metallic Sapphire,,Blue,Foil,,
Konad Special Polish,Black,,Black ,Creme,,
Konad Special Polish,Green with Envy,,Green,Creme,,
Konad Special Polish,Princess Light Grey,,Lavender,Pearl,,
Konad Special Polish,Princess Pop Green,,Green,Creme,,
Konad Special Polish,Red,,Red,Creme,,
Konad Special Polish,Violet Pearl,,Violet,Pearl,,
Konad Special Polish,White,,White,Creme,,
L'Oreal - Bijou Gems,B. Strong,,Apple green,Shimmer,,
L'Oreal - Colour Endure,Black Emerald,,Forest green,Shimmer,,
L'Oreal - Holographic Shine,807,,Mauve to green,Duochrome,,
L'Oreal - Jet Set,28,,Mauve w/ gold,Shimmer,,
L'Oreal - Jet Set,405,,Red w/ copper,Glitter,,
L'Oreal - Jet Set,455,,Green w/ gold,Shimmer,,
L'Oreal - Jet Set,Crushed Amethyst,,Blue,Flakie,,
L'Oreal - Jet Set,Crushed Opal,,Multi,Flakie,,
L'Oreal - Jet Set,Eclair,,Yellow,Shimmer,,
L'Oreal - Jet Set ,Jet,,Blue,Shimmer,,
L'Oreal - Laquiresist,Galactica,,Blue w/ silver,Glitter,,
L'Oreal - Laquiresist,Luxury,,Blue,Shimmer,,
L'Oreal - Laquiresist,Ocean,,Blue w/ silver microglitter,Glitter,,
L'Oreal - Laquiresist ,Venus,,Red w/ pink glitter,Glitter,,
L'Oreal - Vintage,Future Jade,,Green,Shimmer,,
L'Oreal - Wear Extraordinaire,Blue Mood,,Deep blue,Shimmer,,
LA Colors,Bright Orange,Art Deco,Orange,Creme,,
LA Colors,Yellow,Art Deco,Yellow,Creme,,
LA Splash,Embellished,,Pink multi,Glitter,,
LA Splash,Golden Seahorse,,Mint w/ gold glitter,Glitter,,
Layla,Coffee Love,,Brown,Holo,,
Layla,Emerald Divine,,Green,Holo,,
Layla,Misty Blush,,Purple/brown,Holo,,
Ludurana,Admiravel,,Green/purple,Multichrome,,
Ludurana,Emocionate,,Red/purple/blue,Multichrome,,
Ludurana,Reluz,,Blue/purple/bronze,Multichrome,,
Ludurana,Show,,Turquoise/purple/blue,Multichrome,,
Lush Lacquer,Birthday Cake,,White w/ multi,Glitter,mini,
M Nail Polish,Color 44,,Blue w/ multi,Glitter,,
MAC,Bad Fairy,,Red/pink,Glass fleck,,
MAC,Blue India,,Dusty blue,Creme,,
MAC,Frayed to Order,,White w/ pink flash,Matte,,
MAC,Ming Blue,,Blue,Glass fleck,,
Maisie Shine,Magic Carpet Ride,,Purple and blue,Glitter,,
Make Up For Ever,Noir a Reflets Blue,,Black/blue,Shimmer,,
Make Up For Ever,Noir a Reflets Rouge,,Black/red,Shimmer,,
Make Up For Ever,Noir a Reflets Vert,,Black/green,Shimmer,,
Make Up Store,Britta,,Pink,Holo,,
Make Up Store,Siw,,Blue,Holo,,
Mavala,Feminine,,Mauve w/ gold,Frost,,
Mavala,Madrid,,Light red,Creme,,
Mavala,Milano,,Eggplant,Creme,,
Mavala,Pistachio,,Mint green,Shimmer,,
Mavala,Wakiki Orange,,Orange ,Shimmer,,
Max Factor,Fantasy Fire,,Purple,Color shift glitter,have 2,
Maybelline,Blackened Maroon,Express Finish - Gold cap,Maroon,Metallic,,
Maybelline,Blackened Teal,Express Finish - Gold Cap,Deep teal,Shimmer,,
Maybelline,Boot Leg,Express Finish - Gold Cap,Blue,Foil,,
Maybelline,Bronze Beam,Express Finish - Gold Cap,Brown w/ gold glitter,Glitter,,
Maybelline,Button Fly,Express Finish - Gold Cap,Periwinkle,Creme,,
Maybelline,Electric Apple,Express Finish - Gold Cap,Green,Shimmer,UK Version,
Maybelline,Fuchsia Fling,Express Finish - Gold Cap,Pink,Glitter,,
Maybelline,Indigo Chic,Express Finish - Gold cap,Blurple,Creme,,
Maybelline,Jaded Blues,Express Finish - Gold cap,Blue-green,Foil,,
Maybelline,Khaki Fringe,Express Finish - Gold Cap,Olive,Shimmer,,
Maybelline,Lime Aluminum,Express Finish - Gold cap,Lime green,Foil,,
Maybelline,Matte Gold,Express Finish - Gold cap,Gold,Matte,,
Maybelline,Matte Grape,Express Finish - Gold cap,Purple-brown,Matte,,
Maybelline,Matte Grey,Express Finish - Gold Cap,Grey,Matte,,
Maybelline,Matte Olive,Express Finish - Gold Cap,Olive green,Matte,,
Maybelline,Matte Ruby,Express Finish - Gold Cap,Red glitter,Matte glitter,,
Maybelline,Matte Sapphire,Express Finish - Gold cap,Blue w/ silver glitter,Matte,,
Maybelline,Pink Sorbet,Express Finish - Gold cap,Pink,Creme,,
Maybelline,Plum Aluminum,Express Finish - Gold cap,Purple,Foil,,
Maybelline,Purple Punk,Express Finish - Gold Cap,Purple w/ blue flash,Shimmer,,
Maybelline,Silver Lilac,Express Finish - Gold cap,Lilac,Shimmer,,
Maybelline,Silver Spells,Express Finish - Gold Cap,Silver,Glitter,,
Maybelline,Stone Washed,Express Finish - Gold cap,Medium blue,Foil,,
Maybelline,Tassled Taupe,Express Finish - Gold Cap,Taupe w/ gold glitter,Shimmer,,
Maybelline,Zip Fly,Express Finish - Gold cap,Blue w/ silver sparkle,Glitter,,
Maybelline,Blue Riders,Express Finish - Gold Cap ,Blue,Shimmer,,
Maybelline,Blue Craze,Express Finish Gold Cap,Blue with purple,Shimmer,,
Maybelline,Cool Couture,New Express Finish,Grey w/ blue flash,Shimmer,,
Maybelline ,Autumn Leaves,New Express Finish,Red w/ gold flash,Shimmer,,
Maybelline - Color Show ,Twilight Rays,,Gold and black,Glitter,,
Maybelline - Express Finish Glitter,Bolt of Blue,,Blue,Glitter,,
Maybelline - Express Finish Glitter,Mandarin Mars,,Orange,Glitter,,
Maybelline - Express Finish Glitter,Planet Purple,,Lavender,Glitter,,
Maybelline - Express Finish Glitter,Red Comet,,Red,Glitter,,
Maybelline - Express Finish Glitter,Twinkle Pink,,Pink ,Glitter,,
Maybelline - Wet Shine,H20 Pink,,Pink,Shimmer,,
Maybelline - Wet Shine,Juicy Melon,,Hot Pink,Creme,,
Maybelline - Wet Shine,Juicy Tomato,,Orange-red,Jelly,,
Maybelline - Wet Shine,Peach Gleam,,Peach w/ silver,Shimmer,,
Maybelline - Wet Shine Diamonds,Candy Hearts,,Purple,Glitter,,
Maybelline - Wet Shine Diamonds,Cherry Carats,,Red w/ silver shimmer ,Glass fleck,,
Maybelline - Wet Shine Diamonds,Twinkling Turquoise,,Turquoise,Glass fleck,,
Maybelline - Wet Shine Diamonds and Gems,Brilliant Amethyst,,Purple w/ holo glitter,Glitter,,
Maybelline - Wet Shine Diamonds and Gems,Sparkling Opal,,Blue w/ silver ,Holo glitter,,
Maybelline - Wet Shine Diamonds and Gold,Beaming Ruby,,Red w/ gold shimmer,Glass fleck,,
Maybelline - Wet Shine Vinyls,Divine Wine,,Wine,Jelly,,
Maybelline - Wet Shine Vinyls,Slick Scarlet,,Red,Jelly,,
Maybelline Express Finish - Glitter,Fuchsia Fantasy,,Fuchsia,Glitter,,
Maybelline Express Finish - Glitter,Pink Lightening,,Pink,Glitter,,
Meteorites,Moonshot,,Red/blue/silver,Bar glitter,,
Meteorites,Pulsar,,Purple/green/silver,Bar glitter,,
Meteorites,Vulcan Probe,,Red/pink/silver,Bar glitter,,
Milani,Gems,Jewel FX,Multi,Glitter,,
Milani,Sno Cone,Old style bottle,White,Shimmer,,
Milani,Blue Flash,One Coat Glitter,Blue,Glitter,,
Milani,Gold Glitz,One Coat Glitter,Gold,Glitter,,
MIlani,Purple Gleam,One Coat Glitter,Purple,Glitter,,
Milani,Silver Dazzle,One Coat Glitter,Gunmetal,Glitter,,
Milani,Jewel FX Gold,,Gold ,Glitter,,
Misa,Office Polish-tics,,Dusty blurple,Creme,,
Misa - Vintage,Night Sky,,Cerulean blue w/ gold shimmer,Metallic,,
Mode,Starry Night,,Grey,Shimmer,,
Mode,Vicious Venom,,Green,Glitter,,
Model's Own,Aqua Violet,,Purple/aqua,Duochrome,,
Model's Own,Slate Green,,Teal,Jelly,,
Nail Fetish,Alien,,Green,Shimmer,,
Nail Fetish,Captive,,Blue,Shimmer,,
Nail Fetish,Holo glitter,,Holo glitter,Holo glitter,,
Nail Fetish,Icon,,Olive green,Shimmer,,
Nail Fetish,Storm,,Teal,Shimmer,,
Nail Fetish,Tank Top,,Magenta,Shimmer,,
Nail Gear,Diamond,,Iridescent,Bar glitter,,
Nail Gear,Jade,,Green,Shimmer,,
Nail Gear,Luck,,Green w/ silver glitter,Glitter,,
Nail Gear,Mello,,Taupe w/ gold,Shimmer,,
Nail Gear,Opal,,White/pink,Shimmer,,
Nail Gear,Shag,,Grass green,Shimmer,,
Nail Venturous,Robin Laid an Egg,,White w/ multi,Glitter,,
Nail-Venturous,Floam,,Green multi,Glitter,,
Nails Inc.,Primrose Hill,,Purple ,Shimmer,Crystal cap,
Nails Inc.,Saville Row,,Eggplant,Creme,,
Nars,Mash,,Olive green,Shimmer,,
Nars,Zulu,,Blackened green,Jelly,,
Nat Robbins,Greed,,Green,Shimmer,,
Naturistics,(no name),,White w/ silver,Glitter,mini,
Naturistics,(no name),,Pale blue,Shimmer,mini,
Naturistics,(no name),,Blue multi,Glitter,mini,
Naturistics,(no name),,Pink w/ silver,Glitter,mini,
Naturistics,(no name),,Blue w/ multi,Glitter,mini,
Naturistics,Fool's Gold Pearl,,Green,Shimmer,,
Naturistics,Periwinkle Pearl,,Purple,Shimmer,,
Nfu Oh,51,,Purple color shift,Flakie,,
Nicole by OPI,Just Busta Mauve,,Mauve w/ gold,Glass fleck,,
Nicole by OPI,Kim-pletely in Love,,Pink,Shimmer,,
Nicole by OPI,Shoot for the Maroon,,Maroon,Glass fleck,,
Nicole by OPI,Virtuous Violet,,Purple,Shimmer,,
Nicole by OPI,You're an Angel,,Pink w/ gold ,Shimmer,,
Nubar,Indigo Illusion,,Blue/pink,Duochrome,,
Nubar,Peacock Feathers,,Blue,Multichrome,,
Nubar,Reclaim,,Green,Holo,,
Nubar,Wildlife,,Green/bronze,Duochrome,,
Nubar - Spells,Silver Spark,,Silver holo,Holo glitter,,
NYC,Peach Sparkle,,Peach,Shimmer,,
Obsessive Compulsive Cosmetics,Jack O,,Orange,Creme,,
OPI,Absolutely Alice,Alice in Wonderland,Blue and gold,Glitter,,
OPI,Mad as a Hatter,Alice in Wonderland,Multi glitter,Glitter,,
OPI,"Bright Lights, Big Color",Brights,Coral ,Shimmer,,
OPI,OPI Ink,Brights,Purple,Shimmer,,
OPI,My Throne for a Cranberry Scone,British,Berry pink,Creme,,
OPI,Simmer and Shimmer,Burlesque,Blue multi,Glitter,,
OPI,Sparkle-icious,Burlesque,Gold multi,Glitter,,
OPI,Got the Blues for Red,Chicago,Red,Creme,,
OPI,Lincoln Park After Dark,Chicago,Purple,Creme,,
OPI,DS Extravagance,DS,Magenta,Holo glitter,,
OPI,DS Glamour,DS,Royal blue ,Holo,,
OPI,DS Shimmer,DS,Silver,Holo,,
OPI,Mauna Loa Lava,Fall/Winter 1992,Red,Jelly,,
OPI,Revved Up & Red-y,Ford Mustang,Red,Hidden Shimmer,,
OPI,Parlez Vouz OPI?,France,Dusty purple,Creme,,
OPI,Tickle My France-y,France,Taupe nude,Creme,,
OPI,You Don't Know Jacques,France,Brown ,Creme,,
OPI,Unripened,Go Goth Halloween 2010,Black w/ turquoise,Glass fleck,,
OPI,Never Lon-done Shopping,Holiday 2005,Red,Shimmer,,
OPI,La Boheme,Holiday on Broadway,Red,Color shift shimmer,,
OPI,Movin Out,Holiday on Broadway,Pink color shift,Shimmer,,
OPI,Crimson Carol,Holiday Wishes,Red,Glass fleck,,
OPI,Holiday Glow,Holiday Wishes,Brown with gold,Shimmer,,
OPI,Merry Midnight,Holiday Wishes,Purple ,Flakie,,
OPI,Smitten with Mittens,Holiday Wishes,Red,Glass fleck,,
OPI,I Don't Give a Rotterdam ,Holland,Periwinkle,Glass fleck,,
OPI,Pedal Faster Suzi,Holland,Lilac,Glass fleck,,
OPI,Wooden Shoe Like To Know,Holland,Taupe,Hidden Shimmer,,
OPI,Jade is the New Black,Hong Kong ,Jade,Creme,,
OPI,Let them Eat Rice Cake,Japanese,Nude pink,Creme,,
OPI,Black Shatter,Katy Perry,Black,Crackle,,
OPI,Not Like the Movies,Katy Perry,Grey/green,Duochrome,,
OPI,Teenage Dream,Katy Perry,Pink,Holo glitter,,
OPI,You Rock-apulco Red!,Mexico,Red,Shimmer,,
OPI,It's My Year,Miss Universe,Purple,Glass fleck,,
OPI,Warm & Fozzie,Muppets,Bronze,Shimmer,,
OPI,Vampire State Building,New York City,Wine,Creme,,
OPI,I Lily Love You,Nice Stems,Pink,Flakie,,
OPI,Fly,Nicki Minaj,Teal,Creme,,
OPI,Metallic 4 Life,Nicki Minaj,Black and silver,Glitter,,
OPI,Peel Me a Gobi Grape,Painted Desert,Purple w/ gold shimmer,Shimmer,,
OPI,Mermaid's Tears,Pirates of the Carribean,Seafoam green,Creme,,
OPI,Planks a Lot,Pirates of the Carribean,Lavender,Creme,,
OPI,Silver Shatter,Pirates of the Carribean,Silver,Crackle,,
OPI,Skull & Glossbones,Pirates of the Carribean,Grey,Creme,,
OPI,Steady as She Rose,Pirates of the Carribean,Pink,Creme,,
OPI,Stranger Tides,Pirates of the Carribean,Greyed-out pastel green,Creme,,
OPI,Alpine Snow,Princess Minis,White,Creme,mini,
OPI,Bubble Bath,Princess Minis,Pink,Sheer ,mini,
OPI,Pink-ing of You,Princess Minis,Pink,Sheer ,mini,
OPI,Cheyenne Pepper,Rocky Mountain,Bronze,Shimmer,,
OPI,Spark de Trimphe,Serena Williams,Silver,Glitter,,
OPI,Hawaiian Orchid,Soft Shades,Pink,Shimmer,,
OPI,Pirouette My Whistle,Soft Shades NYC Ballet,White,Glitter,,
OPI,Into the Night,Spiderman,Blue,Shimmer,,
OPI,Just Spotted the Lizard,Spiderman,Green to gold,Duochrome,,
OPI,Number One Nemesis,Spiderman,Gunmetal,Shimmer,,
OPI,Your Web or Mine?,Spiderman,Pink,Shimmer,,
OPI,Lincoln Park After Dark Suede,Suede,Purple,Matte (sueded),,
OPI,Glitzerland,Swiss,Gold,Foil,,
OPI,Ski Teal We Drop,Swiss,Teal,Creme,,
OPI,Houston We Have a Purple,Texas,Purple ,Jelly,,
OPI,A-Taupe the Space Needle,Touring America,Brown,Creme,,
OPI,French Quarter For Your Thoughts,Touring America,Grey,Creme,,
OPI,Get in the Expresso Lane,Touring America,Brown ,Creme,,
OPI,Midnight Blue Glitter,Tuxedo,Blue and grey,Glitter,,
OPI,Hungary for my Honey,World Collection,Rusty orange,Shimmer,,
OPI,OPI & Apple Pie,World Collection,Orange ,Creme,,
OPI,Creme de Menthe,X Collection,Mint green,Shimmer,,
OPI,Rainforest,X Collection,Green,Shimmer,,
OPI,Bronzed To Perfection,,Bronze,Shimmer,,
OPI,DS Bold,,Red,Glitter,,
OPI,DS Desire,,Brown,Holo,,
OPI,Gold Shatter,,Gold,Shatter,,
OPI,Pluto Plum,,Maroon,Duochrome,,
OPI,Telepathic Topaz,,Copper,Duochrome,,
OPI ,DS Fantasy,DS,Navy blue,Holo glitter,,
OPI ,Danke Shiny Red,Germany,Red,Shimmer,,
OPI ,Deutsch You Want Me Baby?,Germany,Orange,Shimmer,,
OPI ,Every Month is Oktoberfest,Germany,Blurple/red,Shimmer,,
OPI ,My Very First Knockwurst,Germany,Nude,Creme,,
OPI ,Zom-body to Love,Halloween 2011,Green,Glow in the dark,,
OPI ,Keys to my Karma,India,Dark pink,Jelly,,
OPI ,Black Tie Optional,World,Purple/green,Duochrome,,
OPI ,Galactic Spice,,Red to orange,Duochrome,,
OPI ,Jasper Jade,,Forest green,Shimmer,,
OPI ,Maine-iac Mauve,,Mauve w/ gold,Shimmer,,
OPI ,Mod About You,,Pink,Creme,,
Optic Lusion,Daybreak Bronze,,Bronze/pink,Duochrome,,
Orly,Nite Owl,Birds of a Feather,Taupe,Brocade shimmer,,
Orly,Decades of Dysfunction,Dark Shadows,Nude,Creme,,
Orly,Androgynie,Holiday Soiree,Black w/ holo hex glitter,Glitter,,
Orly,Jungle Love,Old style bottle,Olive Green,Shimmer,,
Orly,Moon Shadow,Old style bottle,Purple,Shimmer,,
Orly,Fancy Fuchsia,Precious,Neon pink,Creme,,
Orly,Royal Velvet,Precious,Blue/purple,Duochrome,,
Orly,Lemonade,Sweet,Pale yellow,Creme,,
Orly,Glowstick,,Yellow,Neon,,
Orly ,Bubbly Bomshell,Pin Up,Fuchsia,Glitter,,
Orly ,Here Comes Trouble,Pin Up,Lime green,Glitter,,
Orly - Instant Artist,Crisp White,,White,Creme,,
Orly - Salon Nails,Ho! Ho! Ho! ,,Red,Glitter,,
Orly - Salon Nails,Mistletoe,,Green,Glitter,,
Orly - Salon Nails,Plum Pudding,,Purple w/ silver,Glitter,,
Orly - Salon Nails,Silent Night,,Blue w/ silver,Glitter,,
Orly - Satin Hues,Satin Patina,,Green,Satin,,
Pahlish,Dark Parades,,Purple w/ multi,Glitter,,
Pahlish,Sullen Girl,,Holo,Glitter,,
Petites Color Fever,Periwinkle,,Periwinkle,Creme,,
Piggy Polish,Lightmare,,Grey and orange,Glitter,,
Pretty & Polished,Hello Dolly,,Multi,Glitter,,
Pretty & Polished,Jawbreaker,,White w/ multi,Glitter,,
Pretty & Polished,Libra Scales,,Blue,Glitter,,
Pretty & Polished,Party on my Yacht,,White w/ multi glitter,Glitter,,
Pretty & Polished,Sand Art,,Multi,Glitter,,
Pretty Serious,BSOD,,Blue,Glitter,,
Pretty Serious,CGA,,Lavender ,Shimmer,,
Pretty Serious,Creature Crush,,Gunmetal,Glitter,,
Pretty Serious,Elliot,,Blue,Shimmer,,
Pretty Serious,Emma Louise,,Green and purple,Glitter,,
Pretty Serious,Forbidden Fruit,,White,Shimmer,,
Pretty Serious,Gargoyle Ganache,,Gunmetal w/ purple,Shimmer,,
Pretty Serious,Into Dreams,,Purple,Shimmer,,
Pretty Serious,Liquid Leprechaun,,Green,Glitter,,
Pretty Serious,Mummy Mush,,Peach,Shimmer,,
Pretty Serious,Nightmaren,,Red,Shimmer,,
Pretty Serious,Nightopia,,Teal,Shimmer,,
Pretty Serious,Poltergeist Puddle,,Purple,Shimmer,,
Pretty Serious,Viscous Vampire,,Red,Glitter,,
Pretty Serious,VT100,,Green w. gold,Shimmer,,
Pumpkin Polish,Clear,,Clear,Black light,,
Pumpkin Polish,Purple and blue glitter,,Purple and blue,Glitter,,
Pumpkin Polish,unnamed hot pink,,Hot pink,Glow in the dark,,
Pumpkin Polish,unnamed purple glitter,,Purple,Glitter,,
Pumpkin Polish,unnmed orange glitter,,Orange,Glow in the dark,,
Pure Ice,Heartbreaker,,Green shimmer,Shimmer,,
Pure Ice - Crackle,Shattered,,Lime green,Crackle,,
Revlon,Berry Chic Crystal,Old style bottle,Berry,Glass fleck,,
Revlon,Blackberry,Old style bottle,Burgundy,Shimmer,,
Revlon,Blue,Old style bottle,Blue w/ blue microglitter,Shimmer,,
Revlon,Crystal Ball,Old style bottle,Purple w/ aqua flash,Shimmer,,
Revlon,Crystal Calm,Old style bottle,Blue/gold,Duochrome,,
Revlon,Daring,Old style bottle,Red/green,Duochrome,,
Revlon,Firecracker,Old style bottle,Red,Glitter,Decant,
Revlon,Groovy,Old style bottle,Purple holo,Bar glitter,,
Revlon,Hot Rock,Old style bottle,Pink,Glitter,,
Revlon,Jaded,Old style bottle,Green,Shimmer,,
Revlon,KhakiZing,Old style bottle,Purple to green,Multichrome,,
Revlon,Lavender Smoke,Old style bottle,Purple,Shimmer,,
Revlon,Levitate,Old style bottle,Peach w/ green flash,Shimmer,,
Revlon,Magical,Old style bottle,Blue,Shimmer,,
Revlon,MangoZing,Old style bottle,Gold/orange,Shimmer,,
Revlon,Mesmerized,Old style bottle,Purple/green,Duochrome,,
Revlon,Mesmerized,Old style bottle,Purple/green,Duochrome,,
Revlon,Mystical,Old style bottle,Blue/purple,Duochrome,,
Revlon,Nordic Skye,Old style bottle,Aqua,Shimmer,,
Revlon,Pink Twinkle,Old style bottle,Pink,Glitter,,
Revlon,Psychedelic,Old style bottle,Pink holo,Bar glitter,,
Revlon,Punch Chrome,Old style bottle,Pink,Chrome,,
Revlon,Splashy,Old style bottle,Blue/gold,Duochrome,,
Revlon,Tidal Wave,Old style bottle,Turquoise,Shimmer,,
Revlon,Carbonite,,Gunmetal,Metallic,,
Revlon,Cherries in the Snow,,Pink-red,Creme,,
Revlon,Devil's Lure,,Vampy red,Jelly,,
Revlon,Mistletoe,,Forest Green,Shimmer,,
Revlon,Pineapple Fizz,,Yellow,Glass fleck,pineapple scented,
Revlon,Plum Seduction,,Plum w/ silver microglitter,Glitter,,
Revlon,Royal Cloak,,Purple,Flakey,,
Revlon,Starry Pink,,Baby pink w/ silver glitter,Glitter,,
Revlon,Steel-her Heart,,Gunmetal,Metallic,,
Revlon ,CitrusZing,Old style bottle,Bronze,Shimmer,,
Revlon ,Disco,Old style bottle,Blue holo,Bar glitter,,
Revlon ,Get Reddy,Old style bottle,Red w/ gold shimmer,Shimmer,,
Revlon ,Laser Lavender,Old style bottle,Purple w/ blue flash,Shimmer,,
Revlon ,Potion,Old style bottle,Pink w/ blue flash,Shimmer,,
Revlon ,Whimsical,,Blue w/ blue and pink glitter,Jelly,,
Revlon - Color Chrome,Cool Chrome,,Blue ,Chrome,,
Revlon - Color Chrome,Khaki Chrome,,Bronze.green,Chrome,,
Revlon - Color Illusion,Cocoa Shimmer,,Brown w/ red shimmer,Shimmer,,
Revlon - Color Illusion,Crimson Sparkle,,Red,Shimmer,,
Revlon - Color Illusion,Lilac Beam ,,Lavender with blue flash,Shimmer,,
Revlon - Color Illusion,Plum Flip,,Plum/green/bronze,Duochrome,,
Revlon - Color Illusion,Silver Switch,,Purple/green,Duochrome,,
Revlon - Color Illusion,Steel Magic,,Purple/green,Multichrome,,
Revlon - Just Tinted,Victorian,,Hot pink,Jelly,,
Revlon - Top Speed,Daring,Old style bottle,Red,Multichrome,,
Revlon - Top Speed,Mint,Old style bottle,Mint,Jelly,,
Revlon - Top Speed,Haunted Heart,,Orange,Shimmer,,
Revlon - Top Speed,Royal,,Royal blue,Jelly,,
Revlon - Top Speed,Wicked Star,,Green ,Shimmer,,
Revlon Streetwear,Angelic,,Pink w/ silver glitter,Glitter,,
Revlon Streetwear,Black Widow,,Black and silver,Bar glitter,,
Revlon Streetwear,Blood,,Dark red,Shimmer,darker version,
Revlon Streetwear,Blood,,Red,Shimmer,lighter version,
Revlon Streetwear,Burnt,,Burnt yellow ,Creme,,
Revlon Streetwear,Burnt,,Olive green,Shimmer,UK version,
Revlon Streetwear,Charm Bracelet,,Iridescent,Glitter,,
Revlon Streetwear,Confetti,,Multi,Glitter,,
Revlon Streetwear,Costume Party,,Purple,Bar glitter,,
Revlon Streetwear,Dark,,Navy w/ silver microglitter,Glitter,,
Revlon Streetwear,Deception,,Green,Shimmer,,
Revlon Streetwear,Downtown Chic,,Pink,Metallic,smaller bottle,
Revlon Streetwear,Drab,,Olive green,Hidden shimmer,,
Revlon Streetwear,E = MC2,,Blue w/ silver ,Glitter,,
Revlon Streetwear,Energy,,Green iridescent,Glitter,,
Revlon Streetwear,Forbidden,,Brown w/ green shimmer,Shimmer,,
Revlon Streetwear,Forest,,Forest green,Shimmer,,
Revlon Streetwear,FX Flash,,Green w/ color shift glitter,Glitter,green version,
Revlon Streetwear,FX Flash,,Blue,Color shift glitter,blue version,
Revlon Streetwear,Ggold Mmine,,Patina gold,Shimmer,,
Revlon Streetwear,Grape,,Deep purple,Hidden Shimmer,,
Revlon Streetwear,Grinch,,Green ,Glitter,Decant,
Revlon Streetwear,Halo,,Yellow w/ silver glitter,Glitter,,
Revlon Streetwear,Imagination,,Gold,Glitter,,
Revlon Streetwear,Infinity,,Pink w/ silver microglitter,Shimmer,,
Revlon Streetwear,Jam,,Purple ,Frost,,
Revlon Streetwear,Kwanza,,"Green, red, black",Bar glitter,,
Revlon Streetwear,Mean,,Brown,Shimmer,,
Revlon Streetwear,Merry,,Red,Shimmer,,
Revlon Streetwear,Meteor Shower,,Purple,Glitter,,
Revlon Streetwear,Midnight,,Midnight blue,Shimmer,,
Revlon Streetwear,Monster Mash,,Green,Bar glitter,,
Revlon Streetwear,Moody,,Teal,Hidden Shimmer,,
Revlon Streetwear,Moody,,Blueish-brown,Shimmer,radioactive bong water version,
Revlon Streetwear,Mrs. Claus,,Red,Jelly,,
Revlon Streetwear,Mystical,,Pewter/gold/seafoam,Shimmer,,
Revlon Streetwear,Next Dimension,,Blue,Foil,,
Revlon Streetwear,Nothing,,Nude,Hidden Shimmer,,
Revlon Streetwear,Oct 31st,,Black and orange,Bar glitter,,
Revlon Streetwear,Poetry,,Iridescent,Glitter,,
Revlon Streetwear,Prince Charming,,Blue,Holo glitter,,
Revlon Streetwear,Prism,,Silver holo,Glitter,,
Revlon Streetwear,Reveal It,,Mauve,Foil,,
Revlon Streetwear,Rudolph,,Red ,Glitter,,
Revlon Streetwear,Seductive,,Purple,Shimmer,,
Revlon Streetwear,Serene,,Mint green w/ silver glitter,Glitter,,
Revlon Streetwear,Shady,,Purple/green/gold,Shimmer,,
Revlon Streetwear,Silver Bells,,Silver w/ pink flash,Shimmer,,
Revlon Streetwear,Stain,,Red,Hidden Shimmer,,
Revlon Streetwear,Tangy,,Orange,Hidden Shimmer,,
Revlon Streetwear,Taxi,,Yellow ,Hidden Shimmer,,
Revlon Streetwear,Time Machine,,Green,Glitter,,
Revlon Streetwear,Time Warp,,Pink,Glitter,,
Revlon Streetwear,Toad,,Lime Green,Hidden Shimmer,,
Revlon Streetwear,Toad,,Olive green,Shimmer,dark version,
Revlon Streetwear,Trick or Treat,,Orange,Hidden Shimmer,,
Revlon Streetwear,Villain,,Royal purple w/ blue flash,Shimmer,,
Revlon Streetwear,Voltage,,Medium pink,Creme,,
Revlon Streetwear,Voodoo,,Purple,Shimmer,,
Revlon Streetwear,Warp Speed,,Red,Glitter,,
Revlon Streetwear,Witchy,,Mint green,Hidden Shimmer,,
Rimmel,Amazon,,Olive green,Shimmer,,
Rimmel,Mania,,Teal/green,Shimmer,,
Rimmel,Sonic,,Pink,Duochrome,,
Rimmel,Zeitgeist,,Purple,Multichrome,,
Rimmel - Vinyl Stars,Eccentricity,,Gold,Holo glitter,,
Rimmel - Vinyl Stars,Twisted Chic,,Purple,Holo glitter,,
Sally Hansen - Chrome,Titanium Chrome,,Silver,Chrome,,
Sally Hansen - Chrome Nail Makeup,Aqua Chrome,,Aqua,Chrome,,
Sally Hansen - Chrome Nail Makeup,Black Pearl Chrome,,Silver,Chrome,,
Sally Hansen - Chrome Nail Makeup,Purple Sapphire,,Purple,Chrome,,
Sally Hansen - Complete Salon Manicure,"Starry, Starry Flight",,Silver,Glitter,,
Sally Hansen - Gem Crush,Big Money,,Gold and lavendar,Glitter,,
Sally Hansen - Hard as Nails,14 Karat,,Gold,Glitter,,
Sally Hansen - Hard as Nails,3D,,Red,Holo glitter,,
Sally Hansen - Hard as Nails,Black Cat,,Black with iridescent,Glitter,,
Sally Hansen - Hard as Nails,Bold Frost,,Teal,Frost,,
Sally Hansen - Hard as Nails,Bombshell,,Dark red,Creme,,
Sally Hansen - Hard as Nails,Cool It! Frost,,Yellow ,Frost,,
Sally Hansen - Hard as Nails,Cyber,,Lime Green,Holo glitter,,
Sally Hansen - Hard as Nails,Denim Creme,,Blue,Creme,,
Sally Hansen - Hard as Nails,Diamond Dust,,Silver holo,Glitter,,
Sally Hansen - Hard as Nails,Dimension,,Blue,Glitter,,
Sally Hansen - Hard as Nails,Electrode,,Purple and holo,Glitter,,
Sally Hansen - Hard as Nails,Funky Frost,,Turquoise,Shimmer,,
Sally Hansen - Hard as Nails,Ghost,,White,Glitter,,
Sally Hansen - Hard as Nails,Holly Daze,,"Silver, green, red",Glitter,,
Sally Hansen - Hard as Nails,Hologem,,Silver,Holo glitter,,
Sally Hansen - Hard as Nails,Hot Sauce,,Red,Shimmer,,
Sally Hansen - Hard as Nails,Jack-o-Lantern,,Orange ,Glitter,,
Sally Hansen - Hard as Nails,Jingle Belle,,Red and green ,Glitter,Decant,
Sally Hansen - Hard as Nails,Laser ,,Red and gold,Glitter,,
Sally Hansen - Hard as Nails,Magnet,,Blue and silver,Holo glitter,,
Sally Hansen - Hard as Nails,Nuclear,,Gold,Holo glitter,,
Sally Hansen - Hard as Nails,Pumpkin,,Orange ,Glitter,,
Sally Hansen - Hard as Nails,Radar,,Brick red and silver,Holo glitter,,
Sally Hansen - Hard as Nails,Ruby Slippers,,Red,Glitter,,
Sally Hansen - Hard as Nails,Santa,,Red and purple,Glitter,,
Sally Hansen - Hard as Nails,Shimmer,,Green,Glitter,,
Sally Hansen - Hard as Nails,Shock Frost,,Lime green,Frost,,
Sally Hansen - Hard as Nails,Skeleton,,White w/ multi,Glitter,,
Sally Hansen - Hard as Nails,Slick Frost,,Orange w/ gold flash ,Shimmer,,
Sally Hansen - Hard as Nails,Slime,,Green,Glitter,,
Sally Hansen - Hard as Nails,Sonar,,Teal and silver,Holo glitter,,
Sally Hansen - Hard as Nails,Sparkle,,Red,Glitter,,
Sally Hansen - Hard as Nails,Spooktacular,,Orange and black,Glitter,,
Sally Hansen - Hard as Nails,Star Sapphire,,Blue,Glitter,,
Sally Hansen - Hard as Nails,Stylish Frost,,Yellow,Frost,,
Sally Hansen - Hard as Nails,Sugar Plum,,Blue and purple,Glitter,,
Sally Hansen - Hard as Nails,Tailored Creme,,Grey,Creme,,
Sally Hansen - Hard as Nails,Techno,,Purple,Holo glitter,,
Sally Hansen - Hard as Nails,Trick or Treat,,Black and iridescent,Glitter,,
Sally Hansen - Hard as Nails,Tutti Frutti Frost,,Hot pink,Shimmer,,
Sally Hansen - Hard as Nails,Vampira,,Red and silver glitter,Glitter,,
Sally Hansen - Hard as Nails,Wicked,,Orange and black,Glitter,,
Sally Hansen - Hard as Nails,Wired,,Brown and silver,Holo glitter,,
Sally Hansen - Hard as Nails,Witches' Brew,,Black w/ orange glitter,Glitter,,
Sally Hansen - Hard as Nails (New),Hard Cash,,Green,Glass fleck,,
Sally Hansen - Hard as Nails w/ Nylon,Blue Velvet Frost,,Purple,Frost,,
Sally Hansen - Hard as Nails with Nylon,Astral,,Sky blue w/ holo glitter,Glitter,,
Sally Hansen - Hard as Nails with Nylon,Celebrate,,"Gold, green, purple",Bar glitter,,
Sally Hansen - Hard as Nails with Nylon,Confetti,,Silver holo,Bar glitter,,
Sally Hansen - Hard as Nails with Nylon,Edgy Creme,,Olive green,Creme,,
Sally Hansen - Hard as Nails with Nylon,Festive,,Purple and silver,Glitter,,
Sally Hansen - Hard as Nails with Nylon,Festive,,Green and red,Bar glitter,,
Sally Hansen - Hard as Nails with Nylon,Futurist,,Lavender w/ holo glitter,Glitter,,
Sally Hansen - Hard as Nails with Nylon,Gala,,Blue and magenta,Bar glitter,,
Sally Hansen - Hard as Nails with Nylon,Instant Lottery,,Gunmetal,Glitter,,
Sally Hansen - Hard as Nails with Nylon,Kiss,,Red,Bar glitter,,
Sally Hansen - Hard as Nails with Nylon,Mistletoe,,Green,Bar glitter,,
Sally Hansen - Hard as Nails with Nylon,Party Hat,,Blue,Bar glitter,,
Sally Hansen - Hard as Nails with Nylon,Pink Champagne,,Lavender and gold,Bar glitter,,
Sally Hansen - Hard as Nails with Nylon,Planetary,,Magenta w/ holo glitter,Glitter,,
Sally Hansen - Hard as Nails with Nylon,Quasar,,Brown w/ holo glitter,Glitter,,
Sally Hansen - Hard as Nails with Nylon,Reflective,,Blue w/ holo glitter,Glitter,,
Sally Hansen - Hard as Nails with Nylon,Rich Lady,,Brown,Glitter,,
Sally Hansen - Hard as Nails with Nylon,So-Sari Frost,,Pink,Shimmer,,
Sally Hansen - Hard as Nails with Nylon,Stellar,,Taupe w/ holo glitter,Glitter,,
Sally Hansen - Hard as Nails with Nylon,Streamers,,Green and silver holo,Bar glitter,,
Sally Hansen - Hard as Nails with Nylon,Sweepstakes,,Gold,Glitter,,
Sally Hansen - Hard as Nails with Nylon,Tinsel,,Silver,Glitter,,
Sally Hansen - Hard as Nails with Nylon,To the Moon,,Antique silver w/ holo glitter,Glitter,,
Sally Hansen - Hard as Nails with Nylon,Twinkle,,Iridescent,Bar glitter,,
Sally Hansen - Insta Dri,Blue-Away,,Baby blue,Creme,,
Sally Hansen - Insta Dri,Brisk Blue,,Medium blue,Creme,,
Sally Hansen - Insta Dri,Flashy Fuchsia,,Fuchsia w/ blue flash,Creme,,
Sally Hansen - Insta Dri,Freeze!,,Blue,Foil,,
Sally Hansen - Insta Dri,Lickety-Split Lime,,Lime green,Creme,,
Sally Hansen - Insta Dri,Mint Sprint,,Turquoise,Creme,,
Sally Hansen - Insta Dri,Peachy Breeze,,Salmon-orange,Creme,,
Sally Hansen - Insta Dri,Pink Blink,,Pink,Creme,,
Sally Hansen - Insta Dri,Raspberry Race,,Raspberry purple,Creme,,
Sally Hansen - Insta Dry,Bronze Ablaze,,Bronze,Shimmer,,
Sally Hansen - Lacquer Shine,Gleaming,,Fuchsia,Metallic,,
Sally Hansen - Magnetic,Electric Emerald,,Green,Magentic,,
Sally Hansen - New Lengths,Amber Beads Creme,,Amber w/ gold,Shimmer,,
Sally Hansen - New Lengths,Cobblestone Creme,,Brown,Creme,,
Sally Hansen - New Lengths,Marble Creme,,Light blue,Creme,,
Sally Hansen - New Lengths,Tangy Beet Frost,,Burgundy,Shimmer,,
Sally Hansen - New Lengths,Xtreme Frost,,Blue ,Shimmer,,
Sally Hansen - Prisms,Amber Ruby,,Red,Multichrome,,
Sally Hansen - Prisms,Emerald Amethyst,,Purple,Multichrome,,
Sally Hansen - Prisms,Lapis Amethyst,,Blue/purple,Duochrome,,
Sally Hansen - Salon,Project Runway,Canadian Exclusive,Green,Brocade shimmer,,
Sally Hansen - Salon,Valentino,Candian Exclusive,Brown w/ gold shimmer,Shimmer,,
Sally Hansen - Salon,Arabian Night,,Purple,Brocade shimmer,,
Sally Hansen - Teflon Tuff,Flirt Alert,,Multi,Glitter,,
Sally Hansen - Teflon Tuff,Secrets Frost,,Silver,Holo glitter,,
Sally Hansen - Xtreme Wear,Caribbean Coral,,Coral,Shimmer,,
Sally Hansen - Xtreme Wear,Celeb City,,Silver,Foil,,
Sally Hansen - Xtreme Wear,Fuchsia Power,,Hot pink,Creme,,
Sally Hansen - Xtreme Wear,Lacey Lilac,,Lilac,Creme,,
Sally Hansen - Xtreme Wear,Mellow Yellow,,Hot yellow,Creme,,
Sally Hansen - Xtreme Wear,Mint Sorbet,,Mint green ,Creme,,
Sally Hansen - Xtreme Wear,Mystic Lilac,,Lilac w/ green shimmer,Shimmer,,
Sally Hansen - Xtreme Wear,Purple Potion,,Purple w/ blue flash,Shimmer,,
Sally Hansen - Xtreme Wear,Sun Kissed,,Vibrant orange,Creme,,
Sally Hansen - Xtreme Wear,Teeny Greeny Bikini,,Green,Foil,,
Sally Hansen - Xtreme Wear,The Real Teal,,Vibrant teal,Shimmer,,
Sally Hansen - Xtreme Wear,White On,,White,Creme,have 2,
Sation,I'm Not a Cougar,,Orange,Glitter,,
Sephora,Amethyst Stiletto,,Purple,Foil,,
Sephora,I Love Matte Khaki,,Sea green,Matte (sueded),,
Sephora,Purple Jewelry,,Orange,Flakies,,
Sephora,Silver Rain,,Silver,Bar glitter,,
Sephora by OPI,"If You've Got It, Haunt It",,Grey w/ multi,Glitter,,
Sinful Colors,Cinderella,,Blue,Shimmer,,
Smackers,Blueberry Blast-Off,,Blue/green/red,Glitter,,
Smackers,Candy Confetti,,Multi,Glitter,,
Smackers,Galactic Grape,,Purple,Foil,,
Smackers,Shooting Starfruit,,Pink,Shimmer,,
Snowman Polish,Red and green glitter,,Red and green,Glitter,,
Spoiled,Pet My Peacock,,"Gold, green, blue",Glitter,,
Spoiled,Shuffle the Deck,,Red and black ,Glitter,,
Starlight Polish,Dragon,,Green-to-gold,Color shift shimmer,,
Starlight Polish,Phoenix,,Red-to-green,Color shift shimmer,,
Starlight Polish,Unicorn,,Blue-to-green,Color shift shimmer,,
Studio M,Purple Medallion,,Purple,Holo glitter,,
Studio M,Slammin' Red,,Red,Holo glitter,,
Studio M,Vintage Vamp,,Pink,Duochrome,,
Toma - Mood Changing,Glitter Plum to Baby Blue,,Purple w/ blue,Glitter,,
Ulta3,Twilight Fever,,Taupe w/ purple shimmer,Shimmer,,
Unknown,Pink/gold glass fleck,,Pink/gold,Glass fleck,,
Unknown,Red/gold glass fleck,,Red/gold,Glass fleck,,
Urban Decay,Barlust,,Brown,Shimmer,,
Urban Decay,Grunge,,Teal,Shimmer,,
Urban Decay,Hot Mess,,Magenta,Glass fleck,,
Urban Decay,Mars,,Green w/ silver glitter,Glitter,,
Urban Decay - Vintage,AC/DC,,Purple,Foil,,
Urban Decay - Vintage,Acid Rain,,Yellow w/ green shimmer,Shimmer,1st generation,
Urban Decay - Vintage,Asphyxia,,Purple w/ blue flash,Shimmer,,
Urban Decay - Vintage,Baked,,Bronze,Glitter,,
Urban Decay - Vintage,Bruise,,Maroon w/ green shimmer,Shimmer,,
Urban Decay - Vintage,Burnout,,Nude color shift,Shimmer,,
Urban Decay - Vintage,Cult,,Blue-green,Foil,,
Urban Decay - Vintage,Dude,,Green,Glitter,1st Generation,
Urban Decay - Vintage,Exhaust,,Pinky lavender,Shimmer,,
Urban Decay - Vintage,Flourescent,,White w/ pink flash,Shimmer,,
Urban Decay - Vintage,Freakshow,,Lilac w/ green flash,Shimmer,,
Urban Decay - Vintage,Graffiti,,Lavender w/ blue flash,Shimmer,,
Urban Decay - Vintage,Hotpants,,Silvery pink,Metallic,,
Urban Decay - Vintage,ID,,Orange,Color shift glitter,,
Urban Decay - Vintage,Kiss,,Red,Glass fleck,,
Urban Decay - Vintage,Metropolitan,,Fuchsia,Glitter,,
Urban Decay - Vintage,Midnight Cowboy,,Peach,Holo glitter,no label,
Urban Decay - Vintage,O,,Red,Shimmer,,
Urban Decay - Vintage,Perversion,,Black,Creme,,
Urban Decay - Vintage,Shattered,,Blue,Shimmer,1st generation,
Urban Decay - Vintage,Shelter,,Green,Glass fleck,1st generation,
Urban Decay - Vintage,Smog,,Brown,Shimmer,1st generation,murdered. bottle remains.
Urban Decay - Vintage,Stray Dog,,Gunmetal and green,Shimmer,1st generation,
Urban Decay - Vintage,Strip,,Silver,Foil,,
Urban Decay - Vintage,Toxin,,Purple,Color shift glitter,,
Urban Decay - Vintage,Trip,,Pink w/ blue flash,Shimmer,,
Urban Decay - Vintage,Twisted,,Gold,Metallic,,
Urban Decay - Vintage,Uzi,,Gunmetal,Shimmer,1st generation,
Urban Decay - Vintage,X,,Mauve w/ gold,Shimmer,,
Verity,Deep Violet,,Deep purple ,Jelly,,
W7,Metallic Mercury,,Purple w/ green glash,Foil,,
W7,Metallic Neptune,,Blue/purple/bronze,Duochrome,,
Wet n Wild - ColorIcon,24 Karats,Ice Baby,Copper and gold,Bar glitter,,
Wet n Wild - ColorIcon,Back Alley Deals,Ice Baby,Royal purple and red glitter,Glitter,,
Wet n Wild - ColorIcon,"Believe Me, It's Real",Ice Baby,Blue and purple glitter,Glitter,,
Wet n Wild - ColorIcon,Give Me a Price Quote,Ice Baby,Gold,Bar glitter,,
Wet n Wild - ColorIcon,It's All In the Cut,Ice Baby,Pink and purple glitter,Glitter,,
Wet n Wild - Craze,Inferno,,Orange,Shimmer,,
Wet n Wild - Craze,Nocturnal,,Midnight blue,Jelly,have 2,
Wet n Wild - Fantasy Makers,Black Magic (multi bar glitter),Tombstone bottle,Multi,Bar glitter,,
Wet n Wild - Fantasy Makers,Creepy Pumpkin,Tombstone bottle,Orange,Jelly glitter,,
Wet n Wild - Fantasy Makers,Night Glow,Tombstone bottle,Glow in the dark,Glow in the dark,,
Wet n Wild - Fantasy Makers,Once Upon a Time,Tombstone bottle,Red in black,Glitter,,
Wet n Wild - Fantasy Makers,Purple Potion,Tombstone bottle,Purple,Glitter,,
Wet n Wild - Fantasy Makers,Black Ice,,Black w/ green,Shimmer,,
Wet n Wild - Fantasy Makers,Glitterin,,Black w/ red,Glitter,,
Wet n Wild - Fantasy Makers,Jack O,,Orange ,Hidden Shimmer,,
Wet n Wild - Fantasy Makers,Sparklin',,Green,Glitter,,
Wet n Wild - Fastdry,Jungle Fever,On the Prowl,Green,Foil,,
Wet n Wild - Fastdry,Grey's Anatomy,,Grey,Duochrome,,
Wet n Wild - Fergie,Hollywood Walk of Fame,,Multi,Star glitter,,
Wet n Wild - Nail Zone,Blueberry Bop,,Green w/ multi,Glitter,blueberry scented,
Wet n Wild - Rock Solid,Rockin in Rubies,,Red w/ gold shimmer,Shimmer,,
Wet n Wild - Vintage,407A,,Multi,Glitter,,
Wet n Wild - Vintage,416A,,Green,Shimmer,,
Wet n Wild - Vintage,Totally Rad,,Lime green,Glitter,,
Wet n Wild - WIld Shine,Black Creme,,Black ,Creme,,
Wet n Wild - Wild Shine,CANDY CORN on the COB,,Orange ,Shimmer,,
Wet n Wild - Wild Shine,French White Creme,,White,Creme,,
Wet n Wild - Wild Shine,NERDS Need Love Too,,Blue w/ blue flash,Shimmer,,
YSL,Violet Baroque,,Eggplant,Creme,,
YSL,Wintergreen,,Teal,Hidden Shimmer,,
YSSY,15,,Red,Creme,,
YSSY,37,,Blurple,Creme,,
YSSY,38,,Purple,Metallic,,
YSSY,56,,Neon yellow,Neon,,
YSSY,63,,Green glitter,Green,,
YSSY,64,,Blue glitter,Blue,,
